{
  " login.php" : {
    "transaction" : " login.php",
    "sampleCount" : 10,
    "errorCount" : 0,
    "errorPct" : 0.0,
    "meanResTime" : 392.3,
    "medianResTime" : 340.5,
    "minResTime" : 329.0,
    "maxResTime" : 790.0,
    "pct1ResTime" : 750.3000000000002,
    "pct2ResTime" : 790.0,
    "pct3ResTime" : 790.0,
    "throughput" : 0.36722852631192393,
    "receivedKBytesPerSec" : 0.9854921780323895,
    "sentKBytesPerSec" : 0.16281420990782564
  },
  "Total" : {
    "transaction" : "Total",
    "sampleCount" : 70,
    "errorCount" : 0,
    "errorPct" : 0.0,
    "meanResTime" : 243.3714285714286,
    "medianResTime" : 174.0,
    "minResTime" : 165.0,
    "maxResTime" : 790.0,
    "pct1ResTime" : 354.79999999999995,
    "pct2ResTime" : 386.40000000000003,
    "pct3ResTime" : 790.0,
    "throughput" : 2.493410272850324,
    "receivedKBytesPerSec" : 6.06933906817696,
    "sentKBytesPerSec" : 1.735786448315167
  },
  "login.php" : {
    "transaction" : "login.php",
    "sampleCount" : 10,
    "errorCount" : 0,
    "errorPct" : 0.0,
    "meanResTime" : 183.49999999999997,
    "medianResTime" : 169.0,
    "minResTime" : 167.0,
    "maxResTime" : 286.0,
    "pct1ResTime" : 277.3,
    "pct2ResTime" : 286.0,
    "pct3ResTime" : 286.0,
    "throughput" : 0.3779718033034736,
    "receivedKBytesPerSec" : 1.014322769021431,
    "sentKBytesPerSec" : 0.1860329969384284
  },
  " userinfo.php7-1" : {
    "transaction" : " userinfo.php7-1",
    "sampleCount" : 10,
    "errorCount" : 0,
    "errorPct" : 0.0,
    "meanResTime" : 186.8,
    "medianResTime" : 171.0,
    "minResTime" : 166.0,
    "maxResTime" : 328.0,
    "pct1ResTime" : 313.00000000000006,
    "pct2ResTime" : 328.0,
    "pct3ResTime" : 328.0,
    "throughput" : 0.3837004067224311,
    "receivedKBytesPerSec" : 1.0296960133527742,
    "sentKBytesPerSec" : 0.2304450684905226
  },
  " userinfo.php7" : {
    "transaction" : " userinfo.php7",
    "sampleCount" : 10,
    "errorCount" : 0,
    "errorPct" : 0.0,
    "meanResTime" : 373.7,
    "medianResTime" : 343.5,
    "minResTime" : 332.0,
    "maxResTime" : 612.0,
    "pct1ResTime" : 588.0000000000001,
    "pct2ResTime" : 612.0,
    "pct3ResTime" : 612.0,
    "throughput" : 0.3795642602292568,
    "receivedKBytesPerSec" : 1.120900705989524,
    "sentKBytesPerSec" : 0.5041087831169817
  },
  " userinfo.php7-0" : {
    "transaction" : " userinfo.php7-0",
    "sampleCount" : 10,
    "errorCount" : 0,
    "errorPct" : 0.0,
    "meanResTime" : 186.7,
    "medianResTime" : 172.0,
    "minResTime" : 166.0,
    "maxResTime" : 283.0,
    "pct1ResTime" : 274.70000000000005,
    "pct2ResTime" : 283.0,
    "pct3ResTime" : 283.0,
    "throughput" : 0.3819709702062643,
    "receivedKBytesPerSec" : 0.10295311306340718,
    "sentKBytesPerSec" : 0.277898801566081
  },
  " userinfo.php" : {
    "transaction" : " userinfo.php",
    "sampleCount" : 10,
    "errorCount" : 0,
    "errorPct" : 0.0,
    "meanResTime" : 191.89999999999998,
    "medianResTime" : 170.0,
    "minResTime" : 168.0,
    "maxResTime" : 319.0,
    "pct1ResTime" : 310.8,
    "pct2ResTime" : 319.0,
    "pct3ResTime" : 319.0,
    "throughput" : 0.375826819001804,
    "receivedKBytesPerSec" : 1.083438251653638,
    "sentKBytesPerSec" : 0.24076405592303066
  },
  " userinfo.php6" : {
    "transaction" : " userinfo.php6",
    "sampleCount" : 10,
    "errorCount" : 0,
    "errorPct" : 0.0,
    "meanResTime" : 188.70000000000002,
    "medianResTime" : 170.5,
    "minResTime" : 165.0,
    "maxResTime" : 330.0,
    "pct1ResTime" : 316.1,
    "pct2ResTime" : 330.0,
    "pct3ResTime" : 330.0,
    "throughput" : 0.3795930762222897,
    "receivedKBytesPerSec" : 1.0942956650470694,
    "sentKBytesPerSec" : 0.24317681445490433
  }
}